Tile/Artist,Price,Is_On_Sale,Vinyl_Cover
Queen – Innuendo (Original UK),105 GEL,Yes,https://vinyl.ge/wp-content/uploads/2022/01/Quenn-inuendo-1-300x300.jpg
Pulp Fiction (Soundtrack) (Sealed),85 GEL,Yes,https://vinyl.ge/wp-content/uploads/2024/01/pulp1-300x300.jpg
Barry White ‎- Satin and Soul (2LP),63 GEL,Yes,https://vinyl.ge/wp-content/uploads/2023/01/Barry-White-Satin-and-soul-New-Cover-300x300.jpg
George Benson – Give Me The Night,52 GEL,Yes,https://vinyl.ge/wp-content/uploads/2024/06/george-benson-300x300.jpg
T. Rex / Marc Bolan – Cosmic Dancer,31 GEL,Yes,https://vinyl.ge/wp-content/uploads/2024/06/dancer-300x300.jpg
Baba Mirzoev – Baba Mirzoev Sings,70 GEL,Yes,https://vinyl.ge/wp-content/uploads/2024/06/baba-300x300.jpg
Boomerang – Jazz Ensemble Boomerang,91 GEL,Yes,https://vinyl.ge/wp-content/uploads/2024/06/bumerangi-300x300.jpg
Electric Light Orchestra – All Over The World / The Very Best Of Electric Light Orchestra (Original CD),21 GEL,Yes,https://vinyl.ge/wp-content/uploads/2024/06/elo-300x300.jpg
Slam Stewart & Major Holley – Shut Yo’ Mouth (Sealed),42 GEL,Yes,https://vinyl.ge/wp-content/uploads/2024/06/stf-300x300.jpeg
"ლალი მიქავა – მაჭავარიანი, გორდელი, ფალიაშვილი, თაქთაქიშვილი",84 GEL,Yes,https://vinyl.ge/wp-content/uploads/2024/06/ლალი-300x300.jpeg
ვია 75 – ფეხზე დაგიდგები ჩემო საქართველო,59 GEL,Yes,https://vinyl.ge/wp-content/uploads/2023/12/ჩემო-საქართველო-300x300.jpg
გიორგი ცაბაძე – გიორგი ცაბაძის სიმღერები,66 GEL,Yes,https://vinyl.ge/wp-content/uploads/2023/11/R-5129782-1417688425-7101-300x300.jpg
რომან გორელაშვილი  – ქართული საფორტეპიანო მუსიკა,49 GEL,Yes,https://vinyl.ge/wp-content/uploads/2023/07/ქართული-საფორტეპიანო-მუსიკა-300x300.jpg
Elton John – Sleeping With The Past,45 GEL,Yes,https://vinyl.ge/wp-content/uploads/2023/04/elton-sleeps-300x300.jpg
George Benson ‎– The Love Songs,52 GEL,Yes,https://vinyl.ge/wp-content/uploads/2021/07/George-Benson-The-love-songs-5-300x300.jpg
George Benson ‎– 20/20,45 GEL,Yes,https://vinyl.ge/wp-content/uploads/2021/07/George-Benson-20-20-5-300x300.jpg
ABBA – Super Trouper (Happy New Year),49 GEL,Yes,https://vinyl.ge/wp-content/uploads/2022/09/ABBa-300x300.jpg
Rammstein – Untitled (Sealed),130 GEL,Yes,https://vinyl.ge/wp-content/uploads/2022/07/rammstein-1-300x300.jpg
Pink Floyd – Delicate Sound Of Thunder (USSR),66 GEL,Yes,https://vinyl.ge/wp-content/uploads/2023/04/pink-floyd-300x300.jpg
"Pink Floyd – Animals (2018 Remix, Sealed)",87 GEL,Yes,https://vinyl.ge/wp-content/uploads/2024/03/pink1-300x300.webp
Michael Jackson – Thriller (Sealed),90 GEL,Yes,https://vinyl.ge/wp-content/uploads/2024/01/thriller-1-300x300.jpg
Red Hot Chili Peppers – Blood Sugar Sex Magik (Sealed),98 GEL,Yes,https://vinyl.ge/wp-content/uploads/2022/12/red-hot-chili-peppers-300x300.jpg
The Doors – The Doors (Sealed),87 GEL,Yes,https://vinyl.ge/wp-content/uploads/2024/01/the-doors-1-300x300.jpg
Michael Jackson – Dangerous (Sealed),90 GEL,Yes,https://vinyl.ge/wp-content/uploads/2024/03/dangerous2-300x300.webp
Alexander Zonjic – Seldom Blues (CD),21 GEL,Yes,https://vinyl.ge/wp-content/uploads/2024/05/seldom-blues.jpg
"The Soundtrack of Tbilisi (Bedford Falls, Mokumoku, DRO, Kords, etc)",50 GEL,No,https://vinyl.ge/wp-content/uploads/2023/08/tbilisi-300x300.jpg
ირაკლი აბაშიძე – პოეზია,31 GEL,Yes,https://vinyl.ge/wp-content/uploads/2024/05/abashidze1-copy-300x300.jpg
თუშური კიდე,66 GEL,Yes,https://vinyl.ge/wp-content/uploads/2024/05/tushuri5-1-300x300.jpg
"The Beatles – The Beatles Ballads (20 Original Tracks, Japan Pressing)",66 GEL,Yes,https://vinyl.ge/wp-content/uploads/2024/05/beatles-300x300.jpg
ვასო გოძიაშვილი,38 GEL,Yes,https://vinyl.ge/wp-content/uploads/2023/08/ქავერი-300x300.jpg
Santana – Santana Live In Japan (Japan Pressing),45 GEL,Yes,https://vinyl.ge/wp-content/uploads/2024/05/santana-300x300.jpg
The Beatles – Reel Music (Japan Pressing),66 GEL,Yes,https://vinyl.ge/wp-content/uploads/2024/05/real-music-300x300.jpg
დები იშხნელები,38 GEL,Yes,https://vinyl.ge/wp-content/uploads/2023/02/debi-ishknelebi-300x300.jpg
Erosi Manjgaladze – Masters Of Georgian Scene / ქართული სცენის ოსტატები,31 GEL,Yes,https://vinyl.ge/wp-content/uploads/2023/09/cover-3-300x300.jpg
Azerbaijan Melodies,52 GEL,Yes,https://vinyl.ge/wp-content/uploads/2023/12/azerbaijanuli-300x300.jpg
ვახტანგ კიკაბიძე – გულს სანამდე ემღერება,35 GEL,Yes,https://vinyl.ge/wp-content/uploads/2023/12/კიკაბიძე-300x300.jpg
Simon & Garfunkel – Sounds Of Silence,42 GEL,Yes,https://vinyl.ge/wp-content/uploads/2023/02/simona-da-garika-300x300.jpg
The Human League – Dare!,45 GEL,Yes,https://vinyl.ge/wp-content/uploads/2024/05/dare-300x300.jpg
Jefferson Starship – Earth,45 GEL,Yes,https://vinyl.ge/wp-content/uploads/2024/05/R-1806935-1476936802-8178-300x300.jpg
Kool & The Gang – Forever,38 GEL,Yes,https://vinyl.ge/wp-content/uploads/2024/05/kool-300x300.jpg
B.B. King – B.B. King (16 Of The Best Of B.B. King),38 GEL,Yes,https://vinyl.ge/wp-content/uploads/2024/05/bb-king-300x300.jpg
Julio Iglesias – 1100 Bel Air Place,28 GEL,Yes,https://vinyl.ge/wp-content/uploads/2024/05/julio-1-300x300.jpg
Julio Iglesias – Julio,28 GEL,Yes,https://vinyl.ge/wp-content/uploads/2024/05/julio-300x300.jpg
Chris de Burgh – Into The Light,31 GEL,Yes,https://vinyl.ge/wp-content/uploads/2024/05/chris-300x300.jpg
Blues Brothers – Made In America,52 GEL,Yes,https://vinyl.ge/wp-content/uploads/2024/05/brothers-300x300.jpg
Rod Stewart – Every Beat Of My Heart,31 GEL,Yes,https://vinyl.ge/wp-content/uploads/2024/05/stewart-300x300.jpg
The Temptations – House Party,31 GEL,Yes,https://vinyl.ge/wp-content/uploads/2024/05/temp-300x300.jpg
Imagination – Scandalous,38 GEL,Yes,https://vinyl.ge/wp-content/uploads/2024/05/IMAGINATION6-300x300.jpg
Rod Stewart – Atlantic Crossing,38 GEL,Yes,https://vinyl.ge/wp-content/uploads/2024/05/rod6-300x300.jpg
Marillion – Misplaced Childhood,59 GEL,Yes,https://vinyl.ge/wp-content/uploads/2024/05/childhoood-300x300.jpg
Simon & Garfunkel – Simon & Garfunkel,59 GEL,Yes,https://vinyl.ge/wp-content/uploads/2024/05/R-4567113-1368626846-1696-300x300.jpg
Deep Purple – Made In Europe,66 GEL,Yes,https://vinyl.ge/wp-content/uploads/2024/05/R-10983681-1510687338-6882-300x300.jpg
Deep Purple – Live In London,84 GEL,Yes,https://vinyl.ge/wp-content/uploads/2024/05/R-1641574-1376212087-4841-300x300.jpg
Bee Gees – Ensemble “Bee Gees”,31 GEL,Yes,https://vinyl.ge/wp-content/uploads/2024/05/R-3762891-1491290713-7533-300x300.jpg
Uriah Heep – Fallen Angel,91 GEL,Yes,https://vinyl.ge/wp-content/uploads/2024/05/R-2269259-1273840244-300x300.jpg
Grease (The Original Soundtrack From The Motion Picture),52 GEL,Yes,https://vinyl.ge/wp-content/uploads/2023/04/grease-300x300.jpg
ABBA ‎- The Singles (The First Ten Years),77 GEL,Yes,https://vinyl.ge/wp-content/uploads/2021/12/ABBA-the-singles-1-300x300.jpg
Smokie – Bright Lights And Back Alleys (Israel),42 GEL,Yes,https://vinyl.ge/wp-content/uploads/2023/02/smokiee-300x300.jpg
არაგვი – დუშეთის რაიონის ფოლკლორული გუნდი (Exclusive),59 GEL,Yes,https://vinyl.ge/wp-content/uploads/2023/10/dusheti-300x300.jpg
"George Michael – Older (2 LP, Sealed)",77 GEL,Yes,https://vinyl.ge/wp-content/uploads/2024/03/george-michael-300x300.webp
Pet Shop Boys – Introspective (Sealed),87 GEL,Yes,https://vinyl.ge/wp-content/uploads/2024/03/BOYS2-300x300.webp
ალექსი მაჭავარიანი – სიმფონია 3,59 GEL,Yes,https://vinyl.ge/wp-content/uploads/2024/05/machavariani-300x300.jpg
Zodchie – Rubbish From The Hut,10 GEL,Yes,https://vinyl.ge/wp-content/uploads/2024/05/zodchie-300x300.jpg
Vyacheslav Dobrynin – Blue Mist,10 GEL,Yes,https://vinyl.ge/wp-content/uploads/2024/05/blue-mist-300x300.jpg
Jaak Joala – Love Itself,10 GEL,Yes,https://vinyl.ge/wp-content/uploads/2024/05/love-itself-300x300.jpg
Center – Made In Paris,28 GEL,Yes,https://vinyl.ge/wp-content/uploads/2024/05/centre-300x300.jpeg
Diana Ross – Diana Ross,24 GEL,Yes,https://vinyl.ge/wp-content/uploads/2023/08/diana-ross-300x300.jpg
ვოკალურ – ინსტრუმენტალური ტრიო „შაშვები“,38 GEL,Yes,https://vinyl.ge/wp-content/uploads/2024/05/R-5158544-1386159835-7044-300x300.jpg
სულიკო კოროშინაძე – სიმღერაა მთელი ჩემი ქონება,31 GEL,Yes,https://vinyl.ge/wp-content/uploads/2024/05/R-5871697-1405099173-4929-300x300.jpg
გიორგი კალანდაძის სიმღერები,31 GEL,Yes,https://vinyl.ge/wp-content/uploads/2024/05/R-7121414-1600684871-4122-300x300.jpg
მამია ხატელიშვილი – მამია ხატელიშვილის სიმღერები,24 GEL,Yes,https://vinyl.ge/wp-content/uploads/2024/05/R-7119780-1434149642-5819-300x300.jpg
"Kino, Aria, Nautilus Pompilius, Mashina Vremeni – Hit Parade",31 GEL,Yes,https://vinyl.ge/wp-content/uploads/2024/05/xit-300x300.jpg
Elton John – A Single Man (USSR),35 GEL,Yes,https://vinyl.ge/wp-content/uploads/2023/04/elton-300x300.jpg
"ირმა სოხაძე, მზიური – ზღაპარ ქალაქი 2",38 GEL,Yes,https://vinyl.ge/wp-content/uploads/2024/05/cover-300x300.jpg
ბავშვთა საესტრადო ანსამბლი “ია”,84 GEL,Yes,https://vinyl.ge/wp-content/uploads/2024/05/ia-300x300.jpg
ივერია / ნატვრის ხე,52 GEL,Yes,https://vinyl.ge/wp-content/uploads/2023/09/iveria-300x300.jpg
არჩილ კერესელიძე,45 GEL,Yes,https://vinyl.ge/wp-content/uploads/2023/06/არჩილ-კერესელიძე-300x300.jpg
Elton John – Leather Jackets,49 GEL,Yes,https://vinyl.ge/wp-content/uploads/2023/06/eltona-300x300.jpg
Chicago – Chicago 18,38 GEL,Yes,https://vinyl.ge/wp-content/uploads/2024/05/R-1218127-1296491360-300x300.jpg
წინანდალი – კახური ხალხური სიმღერები,45 GEL,Yes,https://vinyl.ge/wp-content/uploads/2024/05/tsinandali-300x300.jpg
გლახო ზახაროვი – ქართული ხალხური სიმღერები,24 GEL,Yes,https://vinyl.ge/wp-content/uploads/2023/12/zakharovi-1-300x300.jpg
ΕΛΛΑΔΑ – ΜΟΝΟ ΕΣΥ (Incl. Sirtaki From Zorba The Greek),10 GEL,Yes,https://vinyl.ge/wp-content/uploads/2024/05/elada-300x300.jpg
Nautilus Pompilius / Brigada S,31 GEL,Yes,https://vinyl.ge/wp-content/uploads/2024/05/brigada-300x300.jpg
ნანი ბრეგვაძე,31 GEL,Yes,https://vinyl.ge/wp-content/uploads/2023/11/R-18203524-1619079953-9264-300x300.jpg
Tender May – Macquerade,10 GEL,Yes,https://vinyl.ge/wp-content/uploads/2024/05/group-300x300.jpg
Alexander Rosenbaum – Draw Me a House…,10 GEL,Yes,https://vinyl.ge/wp-content/uploads/2024/05/aleksandr-300x300.jpg
Quadro – Night Dreams,10 GEL,Yes,https://vinyl.ge/wp-content/uploads/2024/05/quadsr-300x300.jpeg
ირმა სოხაძე – ზღაპარ ქალაქი,52 GEL,Yes,https://vinyl.ge/wp-content/uploads/2024/05/irma-soxadze-300x300.jpg
გიული ჩოხელი – მე დავბრუნდები,66 GEL,Yes,https://vinyl.ge/wp-content/uploads/2024/05/giuli-300x300.jpg
UB40 – Rat In The Kitchen,31 GEL,Yes,https://vinyl.ge/wp-content/uploads/2023/08/b-40-300x300.jpg
Bon Jovi – New Jersey,38 GEL,Yes,https://vinyl.ge/wp-content/uploads/2024/05/bon-jovi-300x300.jpg
Elvis Presley – Rock-And-Roll,31 GEL,Yes,https://vinyl.ge/wp-content/uploads/2024/05/elvis-300x300.jpg
Mill (Songs of Igor Nikolaev),10 GEL,Yes,https://vinyl.ge/wp-content/uploads/2024/05/R-1810552-1508936447-2867-300x300.jpg
Maki – Odessa,10 GEL,Yes,https://vinyl.ge/wp-content/uploads/2024/05/R-3734922-1343987510-7157-300x300.jpg
Ekaterina Surzhikova – Wild Rose,10 GEL,Yes,https://vinyl.ge/wp-content/uploads/2024/05/R-3546738-1334753971-300x300.jpg
Joker – Senya Son Group,10 GEL,Yes,https://vinyl.ge/wp-content/uploads/2024/05/R-2802905-1413716237-4113-300x300.jpg
Electroclub-2 – Songs of David Tukhmanov,10 GEL,Yes,https://vinyl.ge/wp-content/uploads/2024/05/R-1453963-1322840280-300x300.jpg
Vladimir Presnyakov (Senior) And the “Province” Group – Province,10 GEL,Yes,https://vinyl.ge/wp-content/uploads/2024/05/R-3924475-1580979799-7129-300x300.jpg
August – Strike Back,10 GEL,Yes,https://vinyl.ge/wp-content/uploads/2024/05/R-662063-1144775473-300x300.jpg
Alexander Serov – Madonna,10 GEL,Yes,https://vinyl.ge/wp-content/uploads/2024/05/R-2781007-1300736794-300x300.jpg
ცისფერი ტრიო – ქალაქური სიმღერები,45 GEL,Yes,https://vinyl.ge/wp-content/uploads/2024/05/Tsisferi-trio-cover1-300x300.jpg
DDT – I Got This Role,56 GEL,Yes,https://vinyl.ge/wp-content/uploads/2024/04/R-2573097-1308471724-1-300x300.jpg
ოთარ რამიშვილი – ოთარ რამიშვილის სიმღერები,24 GEL,Yes,https://vinyl.ge/wp-content/uploads/2024/05/Otar-Ramishvili-Cover-300x300.jpg
Via 75 – Starfall / ვარსკვლავთცვენა,38 GEL,Yes,https://vinyl.ge/wp-content/uploads/2023/09/starfall-300x300.jpg
ნუგზარ ერგემლიძე – ავტოპორტრეტი,45 GEL,Yes,https://vinyl.ge/wp-content/uploads/2023/10/ნუგზარ-ერგემლიძე-300x300.jpg
Vyacheslav Malezhik – Streets and Lanes…,24 GEL,Yes,https://vinyl.ge/wp-content/uploads/2024/05/malejik-300x300.jpeg
Vyacheslav Dobrynin and Mikhail Ryabinin – On the Motor Ship Music Plays,21 GEL,Yes,https://vinyl.ge/wp-content/uploads/2024/05/music-300x300.jpeg
Bob Marley & The Wailers – Babylon By Bus (Japan Pressing),87 GEL,Yes,https://vinyl.ge/wp-content/uploads/2024/05/440253635_415307208021299_5317306756503605848_n-300x300.jpg
Led Zeppelin – The Soundtrack From The Film The Song Remains The Same,101 GEL,Yes,https://vinyl.ge/wp-content/uploads/2024/02/R-412475-1618816579-7492-300x300.jpg
Nirvana – Nirvana (Sealed),84 GEL,Yes,https://vinyl.ge/wp-content/uploads/2024/01/NIRVANA1-300x300.jpg
"Radiohead – Kid A (Reissue, Sealed)",94 GEL,Yes,https://vinyl.ge/wp-content/uploads/2024/03/kid-a-1-300x300.webp
Led Zeppelin – Led Zeppelin II (Sealed),87 GEL,Yes,https://vinyl.ge/wp-content/uploads/2024/03/zeppeliin-300x300.webp
The Strokes – Is This It (Sealed),87 GEL,Yes,https://vinyl.ge/wp-content/uploads/2024/03/STROKES1-300x300.webp
Led Zeppelin – Led Zeppelin IV (Sealed),87 GEL,Yes,https://vinyl.ge/wp-content/uploads/2022/12/lz-1-300x300.jpg
Vladimir Vysotsky – On the Neutral Line,10 GEL,Yes,https://vinyl.ge/wp-content/uploads/2024/05/visocki-300x300.jpeg
Space – Magic Fly,21 GEL,Yes,https://vinyl.ge/wp-content/uploads/2024/06/magic-300x300.jpeg
Vladimir Vysotsky – Song About a Friend,10 GEL,Yes,https://vinyl.ge/wp-content/uploads/2024/05/visocki4-300x300.jpeg
Vladimir Vysotsky – Moscow – Odessa,10 GEL,Yes,https://vinyl.ge/wp-content/uploads/2024/05/visocki3-300x300.jpeg
Vladimir Vysotsky – Sentimental Boxer,10 GEL,Yes,https://vinyl.ge/wp-content/uploads/2024/05/visocki-1-300x300.jpeg
The Beatles – Revolver (Sealed),94 GEL,Yes,https://vinyl.ge/wp-content/uploads/2024/04/btls1-300x300.jpg
New Year’s Disco,21 GEL,Yes,https://vinyl.ge/wp-content/uploads/2024/05/cxeni-300x300.jpeg
"The Beatles – Yellow Submarine (Remaster, Sealed)",94 GEL,Yes,https://vinyl.ge/wp-content/uploads/2022/02/yellow-submarine-300x300.jpg
Joy Division – Warsaw (Sealed),80 GEL,Yes,https://vinyl.ge/wp-content/uploads/2023/12/warsaw1-300x300.jpg
Eric Clapton – Journeyman (Gatefold),45 GEL,Yes,https://vinyl.ge/wp-content/uploads/2024/01/eric-300x300.jpg
Chicago – Chicago V,45 GEL,Yes,https://vinyl.ge/wp-content/uploads/2024/01/chicaggo-300x300.jpg
Kino – Night / Noch (Victor Tsoi),84 GEL,Yes,https://vinyl.ge/wp-content/uploads/2024/03/R-7987243-1452979084-3025-300x300.webp
Aerosmith – “Rocks” (Japan Pressing),84 GEL,Yes,https://vinyl.ge/wp-content/uploads/2024/04/rocks-300x300.jpg
The Smile – Wall Of Eyes (Ex Radiohead) (Sealed),94 GEL,Yes,https://vinyl.ge/wp-content/uploads/2024/02/teh-smile-1-300x300.jpg
"John Coltrane – Blue Train (Reissue, Sealed)",66 GEL,Yes,https://vinyl.ge/wp-content/uploads/2024/03/john1-300x300.webp
Muddy Waters – The Best Of Muddy Waters: Deluxe Edition (Sealed),59 GEL,Yes,https://vinyl.ge/wp-content/uploads/2024/03/muddy1-300x300.webp
Commodores – United (USSR),24 GEL,Yes,https://vinyl.ge/wp-content/uploads/2023/11/commodores-300x300.jpg
Ahmad Jamal Trio – At The Pershing: But Not For Me (remastered),63 GEL,Yes,https://vinyl.ge/wp-content/uploads/2023/12/jamal1-300x300.jpg
Sly & The Family Stone – Life,45 GEL,Yes,https://vinyl.ge/wp-content/uploads/2024/03/life6-300x300.webp
გია ყანჩელი – N4 და N5 სიმფონიები (დირიჟორი ჯანსუღ კახიძე),119 GEL,Yes,https://vinyl.ge/wp-content/uploads/2024/03/gia6-300x300.webp
მზიური – იმედის გვირილა,49 GEL,Yes,https://vinyl.ge/wp-content/uploads/2024/04/mziuri6-300x300.jpg
"AC/DC – Live At Old Waldorf In San Francisco September 3, 1977 (Sealed)",49 GEL,Yes,https://vinyl.ge/wp-content/uploads/2024/03/აცდც1-300x300.webp
Kool & The Gang – In The Heart,38 GEL,Yes,https://vinyl.ge/wp-content/uploads/2024/03/kool-300x300.webp
Garbage – Not Your Kind Of People (Exclusive),196 GEL,Yes,https://vinyl.ge/wp-content/uploads/2024/03/g8-300x300.webp
Seal – Unplugged 1996 (Sealed),66 GEL,Yes,https://vinyl.ge/wp-content/uploads/2024/03/seal2-300x300.webp
U2 – Rattle And Hum,77 GEL,Yes,https://vinyl.ge/wp-content/uploads/2024/03/hum9-300x300.webp
Yes – Going For The One (Tri-fold),77 GEL,Yes,https://vinyl.ge/wp-content/uploads/2024/03/yes-300x300.webp
Iron Maiden – Iron Maiden,91 GEL,Yes,https://vinyl.ge/wp-content/uploads/2024/03/R-1466027-1440420386-7656-300x300.webp
Iron Maiden – The Number Of The Beast,91 GEL,Yes,https://vinyl.ge/wp-content/uploads/2024/03/iron6-300x300.webp
Santana – Amigos,45 GEL,Yes,https://vinyl.ge/wp-content/uploads/2024/03/santana-300x300.webp
Led Zeppelin – Houses Of The Holy (Original UK),91 GEL,Yes,https://vinyl.ge/wp-content/uploads/2024/03/houses-of-the-holly-300x300.webp
Rolling Stones – More Hot Rocks (Big Hits & Fazed Cookies),66 GEL,Yes,https://vinyl.ge/wp-content/uploads/2024/03/rolling-300x300.webp
The Rolling Stones – I Can’t Get No Satisfaction,59 GEL,Yes,https://vinyl.ge/wp-content/uploads/2024/03/stones-1-300x300.webp
Climax Blues Band – FM / Live,49 GEL,Yes,https://vinyl.ge/wp-content/uploads/2024/03/climax-300x300.webp
Jeff Beck – Wired,52 GEL,Yes,https://vinyl.ge/wp-content/uploads/2024/03/beck-300x300.webp
Rush – Power Windows,98 GEL,Yes,https://vinyl.ge/wp-content/uploads/2024/03/rush-300x300.webp
Motörhead – No Sleep ‘Til Hammersmith,63 GEL,Yes,https://vinyl.ge/wp-content/uploads/2024/03/no-sleep-till-300x300.webp
John Lennon – Live In New York City,63 GEL,Yes,https://vinyl.ge/wp-content/uploads/2024/03/john-lenon-live-1-300x300.webp
Zappa – Joe’s Garage Act I,91 GEL,Yes,https://vinyl.ge/wp-content/uploads/2024/03/zappa-300x300.webp
Wings – Wild Life,56 GEL,Yes,https://vinyl.ge/wp-content/uploads/2024/03/wings-300x300.webp
Santana – Santana’s Greatest Hits,63 GEL,Yes,https://vinyl.ge/wp-content/uploads/2024/03/satana-300x300.webp
Efrem Amiramov – Last Debut,28 GEL,Yes,https://vinyl.ge/wp-content/uploads/2024/03/efrem-300x300.webp
Zodiac – Music From The Films,24 GEL,Yes,https://vinyl.ge/wp-content/uploads/2024/03/zodiac-300x300.webp
Contemporanul – Contemporanul,59 GEL,Yes,https://vinyl.ge/wp-content/uploads/2023/12/contemporanul-300x300.jpg
"Miles Davis – Volume 1 (Blue Note, Sealed)",84 GEL,Yes,https://vinyl.ge/wp-content/uploads/2024/01/Miles-DAVIS2-300x300.jpg
ჯემალ ადამაშვილი – სიმღერები ბავშვებისთვის,45 GEL,Yes,https://vinyl.ge/wp-content/uploads/2024/03/R-14325425-1573125417-5283-300x300.jpg
Monomakh – Monomakh,24 GEL,Yes,https://vinyl.ge/wp-content/uploads/2024/03/R-660259-1302353600-300x300.jpg
Depeche Mode – Exciter,108 GEL,Yes,https://vinyl.ge/wp-content/uploads/2023/09/exciter-6-300x300.jpg
Pesniary – Pesniary (Repress),31 GEL,Yes,https://vinyl.ge/wp-content/uploads/2024/03/R-4878294-1618517322-9076-300x300.jpg
ივერია – ივერია (Repress),38 GEL,Yes,https://vinyl.ge/wp-content/uploads/2024/03/R-5821754-1403633711-9040-300x300.jpg
Alexey Ekimyan – Alexey Ekimyan’s Songs,45 GEL,Yes,https://vinyl.ge/wp-content/uploads/2023/12/ekimyan-300x300.jpg
მაია თომაძე – არიები ოპერებიდან,38 GEL,Yes,https://vinyl.ge/wp-content/uploads/2023/11/მაია-თომაძე-300x300.jpg
Lolita Torres  – Lolita Torres sings,31 GEL,Yes,https://vinyl.ge/wp-content/uploads/2024/03/R-2753381-1320591692-300x300.jpg
Ringo Starr -Ringo’s Rotogravure,52 GEL,Yes,https://vinyl.ge/wp-content/uploads/2023/01/ringo-300x300.jpg
Chris Botti – Chris Botti Vol. 1 (Sealed),87 GEL,Yes,https://vinyl.ge/wp-content/uploads/2024/01/chris2-300x300.jpg
Paul Mauriat Plays Beatles,56 GEL,Yes,https://vinyl.ge/wp-content/uploads/2024/03/R-1916249-1539257306-4686-300x300.jpg
გიული ჩოხელი – გიული ჩოხელი,84 GEL,Yes,https://vinyl.ge/wp-content/uploads/2024/01/giuli-choxeli-300x300.jpg
ავქსენტი მეგრელიძე – უნიკალური ჩანაწერები,42 GEL,Yes,https://vinyl.ge/wp-content/uploads/2024/03/megrelidze1-copy-300x300.jpg
ABBA ‎- Greatest Hits Vol. 2,59 GEL,Yes,https://vinyl.ge/wp-content/uploads/2022/06/abba-300x300.jpeg
Frank Sinatra – Adventures Of The Heart – The Broadway Kick,31 GEL,Yes,https://vinyl.ge/wp-content/uploads/2024/02/R-8759475-1468173586-9014-300x300.jpg
Miles Davis – Miles In The Sky,84 GEL,Yes,https://vinyl.ge/wp-content/uploads/2024/02/R-66849-1509906125-2345-300x300.jpg
Rod Stewart – Foot Loose & Fancy Free,52 GEL,Yes,https://vinyl.ge/wp-content/uploads/2023/02/rod-300x300.jpg
Pink Floyd – A Nice Pair,87 GEL,Yes,https://vinyl.ge/wp-content/uploads/2023/12/PINK-FLOYD1-copy-300x300.jpg
Uriah Heep – Salisbury,84 GEL,Yes,https://vinyl.ge/wp-content/uploads/2023/11/uriahheep-300x300.jpg
Rolling Stones – Play With Fire,38 GEL,Yes,https://vinyl.ge/wp-content/uploads/2023/01/rolling-stones-300x300.jpg
Elton John – Ice On Fire (Inc. Nikita),42 GEL,Yes,https://vinyl.ge/wp-content/uploads/2021/04/R-335423-1518096684-6588.jpeg-300x300.jpg
Rose Royce – In Full Bloom,42 GEL,Yes,https://vinyl.ge/wp-content/uploads/2023/08/rose-royce-300x300.jpg
Louis Armstrong – Louis Armstrong (USSR),35 GEL,Yes,https://vinyl.ge/wp-content/uploads/2023/11/louis-armstrong-300x300.jpg
Beverly Hills Cop (Music From The Motion Picture Soundtrack),52 GEL,Yes,https://vinyl.ge/wp-content/uploads/2024/01/beverly-300x300.jpg
Barbra Streisand – Barbra Streisand’s Greatest Hits,49 GEL,Yes,https://vinyl.ge/wp-content/uploads/2023/01/barbara-streisand-1-300x300.jpg
Aquarium – Equinox,35 GEL,Yes,https://vinyl.ge/wp-content/uploads/2023/08/akvarium-300x300.jpg
"ავქსენტი ცაგარელი, გია ყანჩელი – სპექტაკლი ხანუმა",56 GEL,Yes,https://vinyl.ge/wp-content/uploads/2023/07/ხანუმა-300x300.jpg
Creedence Clearwater Revival – Traveling Band,31 GEL,Yes,https://vinyl.ge/wp-content/uploads/2024/03/R-6001122-1408485623-7358-300x300.jpg
Master – Master,21 GEL,Yes,https://vinyl.ge/wp-content/uploads/2024/03/R-2793507-1357315864-3390-300x300.jpg
David Sanborn – Hideaway,49 GEL,Yes,https://vinyl.ge/wp-content/uploads/2024/01/david-300x300.jpg
Diana Ross – 20 Golden Greats,52 GEL,Yes,https://vinyl.ge/wp-content/uploads/2023/01/diana-ross-300x300.jpg
Stevie Wonder – In Square Circle,45 GEL,Yes,https://vinyl.ge/wp-content/uploads/2023/04/in-square-circle-300x300.jpg
ორერა – ძველ თბილისში,45 GEL,Yes,https://vinyl.ge/wp-content/uploads/2023/06/ორერა-5-300x300.jpg
Smokie – Greatest Hits,42 GEL,Yes,https://vinyl.ge/wp-content/uploads/2023/02/smokie-greatest-300x300.jpg
Jimmy Cliff – Unlimited,45 GEL,Yes,https://vinyl.ge/wp-content/uploads/2024/01/R-4452058-1365262836-8419-300x300.jpg
Shakatak ‎– Drivin Hard,45 GEL,Yes,https://vinyl.ge/wp-content/uploads/2021/06/Shakatak-Drivin-Hard-4-300x300.jpg
Miles Davis – Miles Davis At Fillmore,105 GEL,Yes,https://vinyl.ge/wp-content/uploads/2023/12/miles-davis-3-300x300.jpg
კოლხიდა – კოლხიდა (Exclusive),84 GEL,Yes,https://vinyl.ge/wp-content/uploads/2023/08/კოლხიდა-300x300.jpg
Pesniary – Pesniary III,38 GEL,Yes,https://vinyl.ge/wp-content/uploads/2024/03/R-7593476-1614757544-2283-300x300.jpg
Bob Seger & The Silver Bullet Band – Like A Rock,45 GEL,Yes,https://vinyl.ge/wp-content/uploads/2024/01/bob-seger-300x300.jpeg
ჯაზი 65. მოსკოვის ახალგაზრდული ჯაზის ანსამბლები.,31 GEL,Yes,https://vinyl.ge/wp-content/uploads/2024/03/R-4481029-1366091661-1199-300x300.jpg
Richard Wright (Ex. Pink Floyd) – Wet Dream,84 GEL,Yes,https://vinyl.ge/wp-content/uploads/2021/01/wright.jpeg
"Ron Carter, Herbie Hancock, Tony Williams – Third Plane",38 GEL,Yes,https://vinyl.ge/wp-content/uploads/2024/01/carter-300x300.jpg
"ფესტივალის ლაურეატები – „გაზაფხულის რიტმები, თბილისი-80“ (II).",35 GEL,Yes,https://vinyl.ge/wp-content/uploads/2024/01/tbilisi-300x300.jpg
"ვაჟა აზარაშვილის სიმღერები (ორერა, რერო)",52 GEL,Yes,https://vinyl.ge/wp-content/uploads/2023/09/ვაჟა-300x300.jpg
ალექსი მაჭავარიანი / ჯანსუღ კახიძე – სიმფონია #2,70 GEL,Yes,https://vinyl.ge/wp-content/uploads/2024/01/a.machavariani1-300x300.jpg
ალექსი მაჭავარიანი / ჯანსუღ კახიძე – ვიოლინოს კონცერტი / ხუთი მონოლოგი,70 GEL,Yes,https://vinyl.ge/wp-content/uploads/2024/01/machavariani1-300x300.jpg
სულხან ნასიძე / ჯანსუღ კახიძე  – ფიროსმანი / Passione,59 GEL,Yes,https://vinyl.ge/wp-content/uploads/2023/12/ნასიძე-300x300.jpg
Richard Strauss – Till Eulenspiegel / Don Juan / Salomes Tanz / Rosenkavalier-Walzer,21 GEL,Yes,https://vinyl.ge/wp-content/uploads/2024/03/R-7011011-1522072026-6619-300x300.jpg
Zodiac  – Music In The Universe,24 GEL,Yes,https://vinyl.ge/wp-content/uploads/2024/03/R-1884548-1250653109-300x300.jpg
"ოთარ თაქთაქიშვილი, ირაკლი აბაშიძე – რუსთაველის ნაკვალევზე (ორატორია)",38 GEL,Yes,https://vinyl.ge/wp-content/uploads/2024/01/ოთარ-თაქთაქიშვილი-300x300.jpg
ABBA ‎- The Album,49 GEL,Yes,https://vinyl.ge/wp-content/uploads/2021/06/abba-the-album-5-300x300.jpg
ანსამბლი რუსთავი – ქართული საგალობლები,45 GEL,Yes,https://vinyl.ge/wp-content/uploads/2023/01/R-9508398-1482145875-4639-300x300.jpg
ნოკო ხურცია – უნიკალური ჩანაწერები,38 GEL,Yes,https://vinyl.ge/wp-content/uploads/2024/01/xurcia-300x300.jpg
Elton John ‎– Elton John’s Greatest Hits Volume 2,49 GEL,Yes,https://vinyl.ge/wp-content/uploads/2021/06/R-2205129-1396358933-1891.jpeg-300x300.jpg
"Mamuka Chkheidze – To Be Continued… (Exclusive, Sealed)",90 GEL,No,https://vinyl.ge/wp-content/uploads/2023/07/to-be-continued-300x300.jpg
Foreigner – Agent Provocateur,45 GEL,Yes,https://vinyl.ge/wp-content/uploads/2023/01/foreigner-300x300.jpg
აკაკი წერეთელი – ლირიკა,59 GEL,Yes,https://vinyl.ge/wp-content/uploads/2024/01/akaki1-1-300x300.jpg
Woody Herman And His Orchestra – At The Woodchoppers Ball,24 GEL,Yes,https://vinyl.ge/wp-content/uploads/2024/02/balll-300x300.jpeg
Soulful Christmas: The Ultimate Collection (Sealed),45 GEL,Yes,https://vinyl.ge/wp-content/uploads/2023/12/christmas1-300x300.jpg
Manfred Mann’s Earth Band – Watch,24 GEL,Yes,https://vinyl.ge/wp-content/uploads/2023/01/ансамбль-мэнфредда-300x300.jpg
Supermax – Fly With Me,63 GEL,Yes,https://vinyl.ge/wp-content/uploads/2023/12/fly-with-me-300x300.jpg
Peter Hammill – Fool’s Mate,63 GEL,Yes,https://vinyl.ge/wp-content/uploads/2023/12/mate-300x300.jpg
ილია ჭავჭავაძე – კაცია ადამიანი,56 GEL,Yes,https://vinyl.ge/wp-content/uploads/2024/01/chavchavadze-cover-300x300.jpg
Alice Cooper – Killer,56 GEL,Yes,https://vinyl.ge/wp-content/uploads/2023/12/killer-300x300.jpg
საქართველოს კომპოზიტორები,59 GEL,Yes,https://vinyl.ge/wp-content/uploads/2024/01/საქართველოს-კომპოზიტორები-300x300.jpg
Teresa Carreño / Raul Puño – Outstanding Pianists of the Past,24 GEL,Yes,https://vinyl.ge/wp-content/uploads/2024/02/piano1-copy-300x300.jpg
W. Mozart / F. Liszt – Concerto No.21 For Piano And Orchestra / Concerto No.1 For Piano And Orchestra,31 GEL,Yes,https://vinyl.ge/wp-content/uploads/2024/02/mozart1-copy-300x300.jpg
Gustav Mahler – Das Lied von der Erde,24 GEL,Yes,https://vinyl.ge/wp-content/uploads/2024/02/R-12298907-1532436103-4763-300x300.jpg
ორერა – ვოკალურ – ინსტრუმენტალური ანსამბლი,38 GEL,Yes,https://vinyl.ge/wp-content/uploads/2023/08/orera-300x300.jpg
Ilya Grubert – Ilya Grubert,24 GEL,Yes,https://vinyl.ge/wp-content/uploads/2024/02/ilya-300x300.jpg
Thin Lizzy – Chinatown,77 GEL,Yes,https://vinyl.ge/wp-content/uploads/2023/12/unnamed-file-300x300.jpg
Barclay James Harvest – Time Honoured Ghosts,56 GEL,Yes,https://vinyl.ge/wp-content/uploads/2023/12/ghost-300x300.jpg
Barry White Love Unlimited – Love Is Back,31 GEL,Yes,https://vinyl.ge/wp-content/uploads/2023/04/love-unlimited-300x300.jpg
ივერია – 13 წელი,45 GEL,Yes,https://vinyl.ge/wp-content/uploads/2023/09/iveria-13-300x300.jpg
ჯუმბერ ჯანდიერი – სიმღერები (თეთრი რაში არ დაიდგამს უნაგირს),38 GEL,Yes,https://vinyl.ge/wp-content/uploads/2023/11/tetri-rashi-300x300.jpg
იაკობ ბობოხიძე – სიმღერები,52 GEL,Yes,https://vinyl.ge/wp-content/uploads/2023/11/boboxidze-300x300.jpg
"GRB3 – Nothing, Nothing (Sealed)",62 GEL,Yes,https://vinyl.ge/wp-content/uploads/2023/08/GRB3-300x300.jpg
ვანო სარაჯიშვილი და სანდრო ინაშვილი,24 GEL,Yes,https://vinyl.ge/wp-content/uploads/2023/05/ქავერი-300x300.jpg
"Bella Davidovich – Sonata No. 5 for Piano , Fantasia No. 2 for Piano",70 GEL,Yes,https://vinyl.ge/wp-content/uploads/2023/12/davidovich-1-300x300.jpg
ფოლკლორული ანსამბლი კოლხეთი – სიმღერები,59 GEL,Yes,https://vinyl.ge/wp-content/uploads/2023/12/kolxeti1-copy-300x300.jpg
